{
  "name": "Rainbow Name Mod",
  "displayName": "Rainbow Mod",
  "author": "Kotik_djushes",
  "description": "Мод для изменения ника на радужный.\n\n[red]Предупреждение: чтобы изменить ник и он был радужным, вам нужно изменить ник и перезайти. Работает, если вы хост сервера. В других случаях на серверах не будет работать, если вы не хост.",
  "version": "0.5",
  "minGameVersion": "146",
  "scripts": true,
  "hidden": true
}